<?xml version="1.0" encoding="utf-8"?>
<module>
    <name>Apache Admin</name>
    <version>100</version>
    <defaultcat>Admin</defaultcat>
    <desc>This module enables you to configure Apache Vhost settings for your hosting accounts.</desc>
    <authorname>Sentora Project - Reworked by : Duke City Solutions</authorname>
    <authoremail>info@sentora.org</authoremail>
    <authorurl>http://sentora.org/</authorurl>
    <updateurl>http://store.sentora.org/version.xml</updateurl>
</module>